eng_title,episode_num,jp_title,show_type
Frieren: Beyond Journey's End,28,Sousou no Frieren,TV
The Apothecary Diaries,24,Kusuriya no Hitorigoto,TV
Attack on Titan: The Last Attack,1,Shingeki no Kyojin Movie: Kanketsu-hen - The Last Attack,Movie
Violet Evergarden: The Movie,1,Violet Evergarden Movie,Movie
Your Name.,1,Kimi no Na wa.,Movie
Owarimonogatari Second Season,7,Owarimonogatari 2nd Season,TV Special
Attack on Titan: Final Season - The Final Chapters,2,Shingeki no Kyojin: The Final Season - Kanketsu-hen,TV Special
Gintama: The Movie: The Final Chapter: Be Forever Yorozuya,1,Gintama Movie 2: Kanketsu-hen - Yorozuya yo Eien Nare,Movie
N/A,74,Monster,TV
Code Geass: Lelouch of the Rebellion R2,25,Code Geass: Hangyaku no Lelouch R2,TV
A Silent Voice,1,Koe no Katachi,Movie
March Comes In Like a Lion 2nd Season,22,3-gatsu no Lion 2nd Season,TV
N/A,24,Clannad: After Story,TV
Fruits Basket: The Final Season,13,Fruits Basket: The Final,TV
Kingdom: Season 4,26,Kingdom 4th Season,TV
Kaguya-sama: Love is War -The First Kiss That Never Ends-,1,Kaguya-sama wa Kokurasetai: First Kiss wa Owaranai,Movie
Gintama. Silver Soul Arc - Second Half War,14,Gintama. Shirogane no Tamashii-hen - Kouhan-sen,TV
N/A,201,Gintama,TV
Tomorrow's Joe 2,47,Ashita no Joe 2,TV
N/A,26,Cowboy Bebop,TV
N/A,12,Bocchi the Rock!,TV
Jujutsu Kaisen Season 2,23,Jujutsu Kaisen 2nd Season,TV
The Dangers in My Heart Season 2,13,Boku no Kokoro no Yabai Yatsu 2nd Season,TV
Haikyu!! 3rd Season,10,Haikyuu!! Karasuno Koukou vs. Shiratorizawa Gakuen Koukou,TV
N/A,24,Vinland Saga,TV
N/A,26,Monogatari Series: Second Season,TV
Spirited Away,1,Sen to Chihiro no Kamikakushi,Movie
Attack on Titan: Final Season Part 2,12,Shingeki no Kyojin: The Final Season Part 2,TV
Solo Leveling Season 2: Arise from the Shadow,13,Ore dake Level Up na Ken Season 2: Arise from the Shadow,TV
Fighting Spirit,75,Hajime no Ippo,TV
Attack on Titan: Final Season,16,Shingeki no Kyojin: The Final Season,TV
N/A,13,Mob Psycho 100 II,TV
Rascal Does Not Dream of a Dreaming Girl,1,Seishun Buta Yarou wa Yumemiru Shoujo no Yume wo Minai,Movie
Delicious in Dungeon,24,Dungeon Meshi,TV
Kizumonogatari Part 3: Cold-Blooded,1,Kizumonogatari III: Reiketsu-hen,Movie
Natsume's Book of Friends Season 6,11,Natsume Yuujinchou Roku,TV
The Disappearance of Haruhi Suzumiya,1,Suzumiya Haruhi no Shoushitsu,Movie
Berserk,25,Kenpuu Denki Berserk,TV
N/A,10,Cyberpunk: Edgerunners,ONA
Haikyu!! 2nd Season,25,Haikyuu!! Second Season,TV
Made in Abyss: Dawn of the Deep Soul,1,Made in Abyss Movie 3: Fukaki Tamashii no Reimei,Movie
Fighting Spirit: Rising,25,Hajime no Ippo: Rising,TV
Bungo Stray Dogs 5,11,Bungou Stray Dogs 5th Season,TV
Haikyu!! Movie: The Dumpster Battle,1,Haikyuu!! Movie: Gomisuteba no Kessen,Movie
N/A,37,Death Note,TV
Made in Abyss: The Golden City of the Scorching Sun,12,Made in Abyss: Retsujitsu no Ougonkyou,TV
Attack on Titan Season 3,12,Shingeki no Kyojin Season 3,TV
N/A,11,Ping Pong the Animation,TV
Natsume's Book of Friends Season 4,13,Natsume Yuujinchou Shi,TV
Gurren Lagann,27,Tengen Toppa Gurren Lagann,TV
N/A,12,One Punch Man,TV
Heaven Official's Blessing Short Film,46,Tian Guan Cifu Short Film,ONA
Kimi ni Todoke: From Me to You Season 3,5,Kimi ni Todoke 3rd Season,ONA
N/A,12,Mob Psycho 100,TV
Kaguya-sama: Love is War?,12,Kaguya-sama wa Kokurasetai? Tensai-tachi no Renai Zunousen,TV
To Be Hero X,24,Tu Bian Yingxiong X,ONA
Laid-Back Camp Season 2,13,Yuru Camp△ Season 2,TV
Ghost in the Shell: Stand Alone Complex 2nd GIG,26,Koukaku Kidoutai: Stand Alone Complex 2nd GIG,TV
Puella Magi Madoka Magica the Movie: Rebellion,1,Mahou Shoujo Madoka★Magica Movie 3: Hangyaku no Monogatari,Movie
Heaven Official's Blessing Special,1,Tian Guan Cifu Special,ONA
Revue Starlight: The Movie,1,Shoujo☆Kageki Revue Starlight Movie,Movie
N/A,4,Kamisama Hajimemashita: Kako-hen,OVA
A Place Further Than The Universe,13,Sora yori mo Tooi Basho,TV
JoJo's Bizarre Adventure: Diamond Is Unbreakable,39,JoJo no Kimyou na Bouken Part 4: Diamond wa Kudakenai,TV
The Garden of Sinners Chapter 5: Paradox Spiral,1,Kara no Kyoukai Movie 5: Mujun Rasen,Movie
The Disastrous Life of Saiki K. 2,24,Saiki Kusuo no Ψ-nan 2,TV
Kaguya-sama: Love is War,12,Kaguya-sama wa Kokurasetai: Tensai-tachi no Renai Zunousen,TV
Jujutsu Kaisen 0,1,Jujutsu Kaisen 0 Movie,Movie
KonoSuba: God's Blessing on This Wonderful World! - Legend of Crimson,1,Kono Subarashii Sekai ni Shukufuku wo! Movie: Kurenai Densetsu,Movie
The Disastrous Life of Saiki K.,120,Saiki Kusuo no Ψ-nan,TV
Saekano the Movie: Finale,1,Saenai Heroine no Sodatekata Fine,Movie
Attack on Titan: No Regrets,2,Shingeki no Kyojin: Kuinaki Sentaku,OVA
N/A,12,Mononoke,TV
N/A,62,Hunter x Hunter,TV
N/A,2,Gintama: Yorinuki Gintama-san on Theater 2D,Movie
Scissor Seven (2021),10,Wu Liuqi: Xuanwu Guo Pian,ONA
Heaven Official's Blessing,11,Tian Guan Cifu,ONA
Natsume's Book of Friends Movie: Ephemeral Bond,1,Natsume Yuujinchou Movie: Utsusemi ni Musubu,Movie
Violet Evergarden: Eternity and the Auto Memory Doll,1,Violet Evergarden Gaiden: Eien to Jidou Shuki Ningyou,Movie
Fog Hill of Five Elements,4,Wu Shan Wu Xing: Xichuan Huan Zi Lin,ONA
Mushoku Tensei: Jobless Reincarnation Season 2 Part 2,12,Mushoku Tensei II: Isekai Ittara Honki Dasu Part 2,TV
To Your Eternity,20,Fumetsu no Anata e,TV
N/A,17,IDOLiSH7 Third Beat! Part 2,TV
Mushi-shi Path of Thorns,1,Mushishi Zoku Shou: Odoro no Michi,TV Special
The Rose of Versailles,40,Versailles no Bara,TV
N/A,237,Douluo Dalu 2nd Season,ONA
N/A,26,Initial D First Stage,TV
Detective Conan Movie 26: Black Iron Submarine,1,Meitantei Conan Movie 26: Kurogane no Submarine,Movie
N/A,10,Hellsing Ultimate,OVA
Demon Slayer: Kimetsu no Yaiba Mugen Train Arc,7,Kimetsu no Yaiba: Mugen Ressha-hen,TV
N/A,13,Baccano!,TV
KonoSuba: God's Blessing on This Wonderful World! 3,11,Kono Subarashii Sekai ni Shukufuku wo! 3,TV
Nausicaä of the Valley of the Wind,1,Kaze no Tani no Nausicaä,Movie
K-ON! The Movie,1,K-On! Movie,Movie
N/A,1,Violet Evergarden: Recollections,Special
That Time I Got Reincarnated as a Slime Season 2,12,Tensei shitara Slime Datta Ken 2nd Season,TV
"Violet Evergarden: The Day You Understand ""I Love You"" Will Surely Come",1,"Violet Evergarden: Kitto ""Ai"" wo Shiru Hi ga Kuru no Darou",Special
Gintama: Jump Festa 2008 Special,1,Gintama: Shiroyasha Koutan,Special
My Teen Romantic Comedy SNAFU Climax!,12,Yahari Ore no Seishun Love Comedy wa Machigatteiru. Kan,TV
Girls und Panzer das Finale – Part 4,1,Girls & Panzer: Saishuushou Part 4,Movie
Beck: Mongolian Chop Squad,26,Beck,TV
Steins;Gate: Egoistic Poriomania,1,Steins;Gate: Oukoubakko no Poriomania,Special
Neon Genesis Evangelion,26,Shinseiki Evangelion,TV
N/A,1,Redline,Movie
Spice and Wolf II,12,Ookami to Koushinryou II,TV
Anohana: The Flower We Saw That Day,11,Ano Hi Mita Hana no Namae wo Bokutachi wa Mada Shiranai.,TV
Case Closed Movie 06: The Phantom of Baker Street,1,Meitantei Conan Movie 06: Baker Street no Bourei,Movie
Kids on the Slope,12,Sakamichi no Apollon,TV
Kaiju No. 8,12,Kaijuu 8-gou,TV
The Legend of Hei,1,Luo Xiao Hei Zhan Ji (Movie),Movie
The Beast Player Erin,50,Kemono no Souja Erin,TV
Kuroko's Basketball 3,25,Kuroko no Basket 3rd Season,TV
Natsume's Book of Friends,13,Natsume Yuujinchou,TV
N/A,12,Katanagatari,TV
Kingdom: Season 2,39,Kingdom 2nd Season,TV
The Eminence in Shadow Season 2,12,Kage no Jitsuryokusha ni Naritakute! 2nd Season,TV
Ace of Diamond: Second Season,51,Diamond no Ace: Second Season,TV
Swallowed Star 2nd Season,26,Tunshi Xingkong 2nd Season,ONA
Evangelion: 2.0 You Can (Not) Advance,1,Evangelion Movie 2: Ha,Movie
Shangri-La Frontier Season 2,25,"Shangri-La Frontier: Kusoge Hunter, Kamige ni Idoman to su 2nd Season",TV
N/A,11,Given,TV
Erased,12,Boku dake ga Inai Machi,TV
Suzume,1,Suzume no Tojimari,Movie
N/A,14,World Trigger 3rd Season,TV
Fighting Spirit: Mashiba vs. Kimura,1,Hajime no Ippo: Mashiba vs. Kimura,OVA
N/A,24,Dororo,TV
Haikyu!! The Movie: Battle of Concepts,1,Haikyuu!! Movie 4: Concept no Tatakai,Movie
Kaiji: Against All Rules,26,Gyakkyou Burai Kaiji: Hakairoku-hen,TV
Blue Box,25,Ao no Hako,TV
Millennium Actress,1,Sennen Joyuu,Movie
Golden Kamuy Season 2,12,Golden Kamuy 2nd Season,TV
N/A,13,BanG Dream! It's MyGO!!!!!,TV
N/A,26,Planetes,TV
Sword of the Stranger,1,Stranger: Mukou Hadan,Movie
My Hero Academia Season 6,25,Boku no Hero Academia 6th Season,TV
My Neighbor Totoro,1,Tonari no Totoro,Movie
From the New World,25,Shinsekai yori,TV
KonoSuba: God's Blessing on This Wonderful World! 2,10,Kono Subarashii Sekai ni Shukufuku wo! 2,TV
N/A,23,Nodame Cantabile,TV
Fighting Spirit: Champion Road,1,Hajime no Ippo: Champion Road,TV Special
N/A,14,Hunter x Hunter: Greed Island Final,OVA
Is It Wrong to Try to Pick Up Girls in a Dungeon? IV Part 2,11,Dungeon ni Deai wo Motomeru no wa Machigatteiru Darou ka IV: Shin Shou - Yakusai-hen,TV
Fights Break Sphere 4th Season,24,Doupo Cangqiong 4th Season,ONA
N/A,12,Dr. Stone: Science Future,TV
N/A,23,Great Pretender,TV
InuYasha: The Final Act,26,InuYasha: Kanketsu-hen,TV
My Teen Romantic Comedy SNAFU TOO!,13,Yahari Ore no Seishun Love Comedy wa Machigatteiru. Zoku,TV
N/A,13,xxxHOLiC◆Kei,TV
Bungo Stray Dogs 3,12,Bungou Stray Dogs 3rd Season,TV
ReLIFE: Final Arc,4,ReLIFE: Kanketsu-hen,Special
The Disastrous Life of Saiki K. Final Arc,1,Saiki Kusuo no Ψ-nan: Kanketsu-hen,TV Special
Spice and Wolf,13,Ookami to Koushinryou,TV
N/A,77,SKET Dance,TV
N/A,26,Major S1,TV
The King's Avatar (2018),3,Quanzhi Gaoshou Specials,ONA
N/A,25,Magi: The Kingdom of Magic,TV
Kuroko's Basketball 2,25,Kuroko no Basket 2nd Season,TV
N/A,26,Major S3,TV
Sasaki and Miyano,12,Sasaki to Miyano,TV
Detective Conan Movie 13: The Raven Chaser,1,Meitantei Conan Movie 13: Shikkoku no Chaser,Movie
The Tale of the Princess Kaguya,1,Kaguya-hime no Monogatari,Movie
Cardcaptor Sakura Movie 2: The Sealed Card,1,Cardcaptor Sakura Movie 2: Fuuin Sareta Card,Movie
N/A,25,Fruits Basket 1st Season,TV
N/A,1,Digimon Adventure: Last Evolution Kizuna,Movie
N/A,70,Cardcaptor Sakura,TV
N/A,24,Initial D Fourth Stage,TV
Girls und Panzer das Finale – Part 3,1,Girls & Panzer: Saishuushou Part 3,Movie
Bungo Stray Dogs 2,12,Bungou Stray Dogs 2nd Season,TV
N/A,25,Bakuman.,TV
A Will Eternal 2nd Season,54,Yi Nian Yong Heng: Chuan Cheng Pian,ONA
Scissor Seven: Fragments of Memory,10,Wu Liuqi: Jiyi Suipian,ONA
N/A,12,Black Lagoon: The Second Barrage,TV
Moriarty the Patriot,11,Yuukoku no Moriarty,TV
Solo Leveling: ReAwakening,1,Ore dake Level Up na Ken: ReAwakening,Movie
"No Game, No Life: Zero",1,No Game No Life: Zero,Movie
N/A,1,"Kamisama Hajimemashita: Kamisama, Shiawase ni Naru",OVA
Kotaro Lives Alone,10,Kotarou wa Hitorigurashi,ONA
Little Busters! ~Refrain~,13,Little Busters! Refrain,TV
N/A,26,Aria the Natural,TV
Reborn!,203,Katekyou Hitman Reborn!,TV
Kamisama Kiss,13,Kamisama Hajimemashita,TV
N/A,12,Hinamatsuri,TV
given The Movie,1,Given Movie 1,Movie
N/A,1,Working!!! Lord of the Takanashi,Special
N/A,1,Gintama': Futon ni Haitte kara Buki Nokoshi ni Kizuite Neru ni Nerenai Toki mo Aru,Special
Golden Kamuy Season 4,13,Golden Kamuy 4th Season,TV
Skip and Loafer,12,Skip to Loafer,TV
Moribito - Guardian of the Spirit,26,Seirei no Moribito,TV
Food Wars! Shokugeki no Soma,24,Shokugeki no Souma,TV
N/A,11,Nodame Cantabile: Paris-hen,TV
Makeine: Too Many Losing Heroines!,12,Make Heroine ga Oosugiru!,TV
Spy x Family Code: White,1,Spy x Family Movie: Code: White,Movie
N/A,11,Nisemonogatari,TV
Mobile Suit Gundam: The Origin - Advent of the Red Comet,13,Kidou Senshi Gundam: The Origin - Zenya Akai Suisei,TV
N/A,1,Interstella5555: The 5tory of The 5ecret 5tar 5ystem,Movie
The Wind Rises,1,Kaze Tachinu,Movie
given - on the other hand,1,Given: Uragawa no Sonzai,OVA
Tsubasa RESERVoir CHRoNiCLE: Spring Thunder Chronicle,2,Tsubasa: Shunraiki,OVA
Future Boy Conan,26,Mirai Shounen Conan,TV
Kuroko’s Basketball: It is the Best Present,1,Kuroko no Basket: Saikou no Present desu,Special
The Ancient Magus' Bride: Those Awaiting a Star,3,Mahoutsukai no Yome: Hoshi Matsu Hito,OVA
To Your Eternity Season 2,20,Fumetsu no Anata e Season 2,TV
JoJo's Bizarre Adventure: Stone Ocean,12,JoJo no Kimyou na Bouken Part 6: Stone Ocean,ONA
Haikyuu!! the Movie: The Winner and the Loser,1,Haikyuu!! Movie 2: Shousha to Haisha,Movie
Hidamari Sketch: Sae & Hiro Graduation,2,Hidamari Sketch: Sae Hiro Sotsugyou-hen,OVA
Mobile Suit Gundam Unicorn,7,Kidou Senshi Gundam Unicorn,OVA
Silver Spoon,11,Gin no Saji,TV
N/A,24,Durarara!!,TV
Hell's Paradise,13,Jigokuraku,TV
N/A,12,Detroit Metal City,OVA
GaoGaiGar Final,8,Yuusha-Ou GaoGaiGar Final,OVA
Tsurune - The Linking Shot -,13,Tsurune: Tsunagari no Issha,TV
Detective Conan Movie 08: Magician of the Silver Sky,1,Meitantei Conan Movie 08: Ginyoku no Magician,Movie
N/A,13,Uma Musume: Cinderella Gray,TV
Case Closed,Unknown/ Still airing,Meitantei Conan,TV
Detective Conan Movie 25: The Bride of Halloween,1,Meitantei Conan Movie 25: Halloween no Hanayome,Movie
The Ancient Magus' Bride,24,Mahoutsukai no Yome,TV
Kuroko's Basketball,25,Kuroko no Basket,TV
Black Butler: Book of Murder,2,Kuroshitsuji: Book of Murder,OVA
Eureka Seven,50,Koukyoushihen Eureka Seven,TV
Kodocha,102,Kodomo no Omocha (TV),TV
N/A,10,Kyou kara Ore wa!!,OVA
JoJo's Bizarre Adventure: Stone Ocean Part 2,12,JoJo no Kimyou na Bouken Part 6: Stone Ocean Part 2,ONA
Ghost in the Shell: Stand Alone Complex - The Laughing Man,1,Koukaku Kidoutai: Stand Alone Complex - The Laughing Man,OVA
Detective Conan Movie 18: The Sniper from Another Dimension,1,Meitantei Conan Movie 18: Ijigen no Sniper,Movie
Black Butler: Book of Circus,10,Kuroshitsuji: Book of Circus,TV
Yatagarasu: The Raven Does Not Choose Its Master,20,Karasu wa Aruji wo Erabanai,TV
Mobile Suit Gundam: Iron-Blooded Orphans,25,Kidou Senshi Gundam: Tekketsu no Orphans,TV
N/A,12,Full Metal Panic? Fumoffu,TV
N/A,1,BanG Dream! Movie: Episode of Roselia - II: Song I Am.,Movie
given The Movie: Hiiragi Mix,1,Given Movie 2: Hiiragi Mix,Movie
Silver Fang,21,Ginga Nagareboshi Gin,TV
N/A,22,Hyouka,TV
Den-noh Coil,26,Dennou Coil,TV
Sound! Euphonium,13,Hibike! Euphonium,TV
The Quintessential Quintuplets 2,12,5-toubun no Hanayome ∬,TV
My Teen Romantic Comedy SNAFU TOO! OVA,1,Yahari Ore no Seishun Love Comedy wa Machigatteiru. Zoku OVA,OVA
N/A,12,Mignon,ONA
Mononoke the Movie: Phantom in the Rain,1,Mononoke Movie: Karakasa,Movie
N/A,5,Black Lagoon: Roberta's Blood Trail,OVA
Ranma ½,12,Ranma ½ (2024),TV
Detective Conan Movie 10: The Private Eyes' Requiem,1,Meitantei Conan Movie 10: Tantei-tachi no Requiem,Movie
Tonikawa: Over The Moon For You - SNS,1,Tonikaku Kawaii: SNS,OVA
N/A,101,Touch,TV
Food Wars! The Third Plate,12,Shokugeki no Souma: San no Sara,TV
Case Closed Movie 04: Captured In Her Eyes,1,Meitantei Conan Movie 04: Hitomi no Naka no Ansatsusha,Movie
Ghost in the Shell: Stand Alone Complex 2nd GIG - Individual Eleven,1,Koukaku Kidoutai: Stand Alone Complex 2nd GIG - Individual Eleven,OVA
Kimi ni Todoke: From Me to You Season 2,12,Kimi ni Todoke 2nd Season,TV
The World God Only Knows: Goddesses,12,Kami nomi zo Shiru Sekai: Megami-hen,TV
N/A,25,Hanada Shounen-shi,TV
School Rumble: 2nd Semester,26,School Rumble Ni Gakki,TV
Honey and Clover,24,Hachimitsu to Clover,TV
ef - a tale of melodies.,12,ef: A Tale of Melodies.,TV
N/A,13,Haibane Renmei,TV
My Hero Academia Season 3,25,Boku no Hero Academia 3rd Season,TV
Bungo Stray Dogs Wan!,12,Bungou Stray Dogs Wan!,TV
N/A,153,Dragon Ball,TV
Swallowed Star: Blood Luo Continent,1,Tunshi Xingkong Movie: Xueluo Dalu,ONA
N/A,1,Tekkon Kinkreet,Movie
N/A,23,Clannad,TV
Time of Eve,6,Eve no Jikan,ONA
Call of the Night,13,Yofukashi no Uta,TV
Wagnaria!!3,13,Working!!!,TV
Patema Inverted,1,Sakasama no Patema,Movie
Jade Dynasty,26,Zhu Xian 2nd Season,ONA
Sword Art Online the Movie: Progressive - Aria of a Starless Night,1,Sword Art Online: Progressive Movie - Hoshi Naki Yoru no Aria,Movie
Vampire Hunter D: Bloodlust,1,Vampire Hunter D (2000),Movie
Attack on Titan: Wings of Freedom,1,Shingeki no Kyojin Movie 2: Jiyuu no Tsubasa,Movie
The Prince of Tennis: The National Tournament Finals,7,Tennis no Oujisama: Zenkoku Taikai-hen - Final,OVA
N/A,12,Romantic Killer,ONA
N/A,1,Major Movie: Yuujou no Winning Shot,Movie
Magical Girl Lyrical Nanoha A's,13,Mahou Shoujo Lyrical Nanoha A's,TV
Big Windup! 2,13,Ookiku Furikabutte: Natsu no Taikai-hen,TV
Mobile Suit Gundam Thunderbolt: December Sky,1,Kidou Senshi Gundam Thunderbolt: December Sky,Movie
Hi Score Girl: Extra Stage,3,High Score Girl: Extra Stage,OVA
Wotakoi: Love is Hard for Otaku,11,Wotaku ni Koi wa Muzukashii,TV
Akagi,26,Touhai Densetsu Akagi: Yami ni Maiorita Tensai,TV
Treasure Island,26,Takarajima,TV
N/A,39,Hyouge Mono,TV
Bunny Drop Specials,4,Usagi Drop Specials,Special
N/A,1,One Piece Film: Strong World Episode 0,OVA
N/A,38,Yowamushi Pedal,TV
Mr. Osomatsu,25,Osomatsu-san,TV
N/A,12,Love Live! Superstar!!,TV
Detective Conan Movie 27,1,Meitantei Conan Movie 27: 100-man Dollar no Michishirube,Movie
N/A,26,Phantom: Requiem for the Phantom,TV
Nekomonogatari Black,4,Nekomonogatari: Kuro,TV Special
A Record of a Mortal's Journey to Immortality Season 2,51,Fanren Xiu Xian Chuan 2nd Season,ONA
N/A,1,Kizumonogatari: Koyomi Vamp,Movie
The Ideon: Be Invoked,1,Densetsu Kyojin Ideon: Hatsudou-hen,Movie
Is the Order a Rabbit? Bloom,12,Gochuumon wa Usagi desu ka? Bloom,TV
N/A,5,Hanamonogatari,TV Special
Fate/kaleid liner Prisma Illya: Vow in the Snow,1,Fate/kaleid liner Prisma☆Illya Movie: Sekka no Chikai,Movie
Lupin the Third Part 4,24,Lupin III (2015),TV
Miss Kobayashi's Dragon Maid,13,Kobayashi-san Chi no Maid Dragon,TV
Mobile Suit Zeta Gundam,50,Kidou Senshi Zeta Gundam,TV
Jormungand Season 2: Perfect Order,12,Jormungand: Perfect Order,TV
N/A,38,Kingdom,TV
Hanasaku Iroha: Blossoms for Tomorrow,26,Hanasaku Iroha,TV
Galaxy Warring State Chronicle Rai,52,Ginga Sengoku Gunyuuden Rai,TV
N/A,1,Final Fantasy VII: Advent Children Complete,OVA
Sans Famille,23,Ie Naki Ko Remy,TV
N/A,12,Hidamari Sketch x ☆☆☆,TV
N/A,1,Date A Live II: Kurumi Star Festival,OVA
N/A,23,Ergo Proxy,TV
School Babysitters,12,Gakuen Babysitters,TV
Non Non Biyori Repeat: Hotaru Had Fun,1,Non Non Biyori Repeat: Hotaru ga Tanoshinda,OVA
N/A,1,Crayon Shin-chan Movie 09: Arashi wo Yobu Mouretsu! Otona Teikoku no Gyakushuu,Movie
Doraemon,1787,Doraemon (1979),TV
N/A,12,Carnival Phantasm,OVA
N/A,1,Death Billiards,Movie
Darker Than Black: Gemini of the Meteor OVAs,4,Darker than Black: Kuro no Keiyakusha Gaiden,Special
Code Geass: Lelouch of the Re;surrection,1,Code Geass: Fukkatsu no Lelouch,Movie
Berserk: The Golden Age Arc II - The Battle for Doldrey,1,Berserk: Ougon Jidai-hen II - Doldrey Kouryaku,Movie
Martial Universe 3rd Season,12,Wu Dong Qian Kun 3rd Season,ONA
The Prince of Tennis: The National Tournament Semifinals,6,Tennis no Oujisama: Zenkoku Taikai-hen - Semifinal,OVA
BanG Dream! Poppin'Dream!,1,BanG Dream! Movie: Poppin' Dream!,Movie
N/A,12,Paradise Kiss,TV
The Story of Saiunkoku,39,Saiunkoku Monogatari,TV
KenIchi: The Mightiest Disciple OVA,11,Shijou Saikyou no Deshi Kenichi OVA,OVA
Big Windup!,25,Ookiku Furikabutte,TV
Initial D Legend 3: Dream,1,New Initial D Movie: Legend 3 - Mugen,Movie
Higurashi: When They Cry,26,Higurashi no Naku Koro ni,TV
JoJo's Bizarre Adventure (2012),26,JoJo no Kimyou na Bouken (TV),TV
Mobile Suit Gundam: The Witch from Mercury - Prologue,1,Kidou Senshi Gundam: Suisei no Majo - Prologue,Special
N/A,13,Zan Sayonara Zetsubou Sensei,TV
Hell Girl: Two Mirrors,26,Jigoku Shoujo Futakomori,TV
Lupin III vs. Detective Conan: The Movie,1,Lupin III vs. Meitantei Conan: The Movie,Movie
N/A,16,Kengan Ashura Season 2 Part 2,ONA
"Totto-chan, the Little Girl at the Window",1,Madogiwa no Totto-chan,Movie
Kaleido Star: Legend of Phoenix - The Layla Hamilton Story,1,Kaleido Star: Legend of Phoenix - Layla Hamilton Monogatari,OVA
N/A,1,One Piece Film: Gold,Movie
Case Closed Movie 22: Zero the Enforcer,1,Meitantei Conan Movie 22: Zero no Shikkounin,Movie
The Demon Girl Next Door 2,12,Machikado Mazoku: 2-choume,TV
Dear Brother,39,Oniisama e...,TV
No Doubt In Us 2nd Season,24,Liang Bu Yi 2nd Season,ONA
K-ON! Live House!,1,K-On!: Live House!,Special
K-On!!: Plan!,1,K-On!!: Keikaku!,Special
Hozuki's Coolheadedness 2: Part 2,13,Hoozuki no Reitetsu 2nd Season: Sono Ni,TV
Sound! Euphonium the Movie: May the Melody Reach You!,1,Hibike! Euphonium Movie 2: Todoketai Melody,Movie
Mobile Suit Gundam: The Witch from Mercury,12,Kidou Senshi Gundam: Suisei no Majo,TV
N/A,24,Carole & Tuesday,TV
The Girl Downstairs,22,Aishang Ta de Liyou,ONA
Free! Starting Days,1,High☆Speed! Movie: Free! Starting Days,Movie
Martial Universe 5th Season,12,Wu Dong Qian Kun 5th Season,ONA
Classroom of the Elite,12,Youkoso Jitsuryoku Shijou Shugi no Kyoushitsu e,TV
N/A,1,Yuru Yuri Nachuyachumi!,OVA
Attack on Titan: Crimson Bow and Arrow,1,Shingeki no Kyojin Movie 1: Guren no Yumiya,Movie
N/A,25,Tiger & Bunny,TV
A Record of Mortal's Journey to Immortality: Speeding in the Sea of Stars,4,Fanren Xiu Xian Chuan: Xinghai Feichi Pian Xuzhang,ONA
N/A,23,Urusei Yatsura (2022) 2nd Season,TV
Monthly Girls' Nozaki-kun,12,Gekkan Shoujo Nozaki-kun,TV
A Record of Mortal's Journey to Immortality Season 4,52,Fanren Xiu Xian Chuan 4th Season,ONA
N/A,1,Seitokai Yakuindomo Movie,Movie
Daily Lives of High School Boys Specials,6,Danshi Koukousei no Nichijou Specials,Special
N/A,52,Capeta,TV
Baby and Me,35,Akachan to Boku,TV
Fire Force Season 2,24,Enen no Shouboutai: Ni no Shou,TV
Anne of Green Gables,50,Akage no Anne,TV
Tokyo Revengers: Tenjiku Arc,13,Tokyo Revengers: Tenjiku-hen,TV
The Quintessential Quintuplets Movie,1,5-toubun no Hanayome Movie,Movie
The Stranger by the Shore,1,Umibe no Étranger,Movie
The Eccentric Family,13,Uchouten Kazoku,TV
The Melancholy of Haruhi Suzumiya,14,Suzumiya Haruhi no Yuuutsu,TV
King of Braves GaoGaiGar,49,Yuusha-Ou GaoGaiGar,TV
Somali and the Forest Spirit,12,Somali to Mori no Kamisama,TV
N/A,26,Tentai Senshi Sunred 2nd Season,TV
N/A,12,Trigun Stampede,TV
N/A,12,Sonny Boy,TV
N/A,1,Sekaiichi Hatsukoi Movie: Yokozawa Takafumi no Baai,Movie
N/A,13,Ojamajo Doremi Na-i-sho,OVA
Outlaw Star,24,Seihou Bukyou Outlaw Star,TV
The Angel Next Door Spoils Me Rotten,12,Otonari no Tenshi-sama ni Itsunomanika Dame Ningen ni Sareteita Ken,TV
N/A,10,Haikyuu!! (OVA),OVA
Attack on Titan: Lost Girls,3,Shingeki no Kyojin: Lost Girls,OVA
Lucky☆Star OVA,1,Lucky☆Star: Original na Visual to Animation,OVA
The Anthem of the Heart,1,Kokoro ga Sakebitagatterunda.,Movie
Haré+Guu,26,Jungle wa Itsumo Hare nochi Guu,TV
InuYasha the Movie 3: Swords of an Honorable Ruler,1,InuYasha Movie 3: Tenka Hadou no Ken,Movie
Legend of the Galactic Heroes: Die Neue These,12,Ginga Eiyuu Densetsu: Die Neue These - Kaikou,TV
The Dog of Flanders,1,Flanders no Inu (Movie),Movie
Digimon: The Movie,1,Digimon Adventure: Bokura no War Game!,Movie
Emma: A Victorian Romance Season Two,12,Eikoku Koi Monogatari Emma: Molders-hen,TV
Shin Chan,Unknown/ Still airing,Crayon Shin-chan,TV
N/A,2,Hidamari Sketch x ☆☆☆ Specials,TV Special
Giant Robo the Animation: The Day the Earth Stood Still,7,Giant Robo the Animation: Chikyuu ga Seishi Suru Hi,OVA
N/A,12,Beastars,TV
N/A,13,City Hunter 3,TV
How Dare You!?,24,Cheng He Titong,ONA
Link Click Episode 5.5,1,Shiguang Dailiren Fanwai Pian: Biwu Zhaoqin,ONA
N/A,1,Lupin III: The First,Movie
N/A,1,Aoki Hagane no Arpeggio: Ars Nova Movie 2 - Cadenza,Movie
Saint☆Young Men (Movie),1,Saint☆Oniisan (Movie),Movie
Detective Conan Movie 12: Full Score of Fear,1,Meitantei Conan Movie 12: Senritsu no Full Score,Movie
Rurouni Kenshin: Kyoto Disturbance,23,Rurouni Kenshin: Meiji Kenkaku Romantan - Kyoto Douran,TV
Pokémon the Series: XYZ,47,Pokemon XY&Z,TV
N/A,3,Psycho-Pass 3: First Inspector,ONA
Detective Conan Movie 09: Strategy Above the Depths,1,Meitantei Conan Movie 09: Suihei Senjou no Strategy,Movie
N/A,26,Last Exile,TV
N/A,373,Kochira Katsushikaku Kameari Kouenmae Hashutsujo,TV
Jin-Roh: The Wolf Brigade,1,Jin-Rou,Movie
Haré+Guu Deluxe,6,Jungle wa Itsumo Hare nochi Guu Deluxe,OVA
N/A,1,Nodame Cantabile: Finale - Mine to Kiyora no Saikai,Special
One Piece: Baron Omatsuri and the Secret Island,1,One Piece Movie 06: Omatsuri Danshaku to Himitsu no Shima,Movie
Detective Conan Movie 07: Crossroad in the Ancient Capital,1,Meitantei Conan Movie 07: Meikyuu no Crossroad,Movie
Maria Watches Over Us 3rd,5,Maria-sama ga Miteru 3rd,OVA
Golden Courtyard: New Year Wishes in Winter,2,Huangjin Tingyuan: Dongri Li de Xinnian Yuanwang,ONA
N/A,1,Mind Game,Movie
Mobile Suit Gundam Wing: Endless Waltz,1,Shin Kidou Senki Gundam Wing: Endless Waltz Tokubetsu-hen,Movie
N/A,2,Hidamari Sketch x SP,TV Special
N/A,5,Magi: Sinbad no Bouken,OVA
The Garden of Sinners Chapter 2: A Study in Murder - Part 1,1,Kara no Kyoukai Movie 2: Satsujin Kousatsu (Zen),Movie
Is the Order a Rabbit?? OVA,1,Gochuumon wa Usagi desu ka?? Sing for You,OVA
Sound! Euphonium: Our Promise: A Brand New Day,1,Hibike! Euphonium Movie 3: Chikai no Finale,Movie
N/A,12,Beastars 2nd Season,TV
Barefoot Gen,1,Hadashi no Gen,Movie
Dragon Ball Z Kai,97,Dragon Ball Kai,TV
Broken Blade 3,1,Break Blade Movie 3: Kyoujin no Ato,Movie
The Disappearance of Conan Edogawa: The Worst Two Days in History,1,Edogawa Conan Shissou Jiken: Shijou Saiaku no Futsukakan,TV Special
Snow White with the Red Hair,12,Akagami no Shirayuki-hime,TV
N/A,1,Aria the Crepuscolo,Movie
Legend of Immortals 5th Season,28,Xingchen Bian 5th Season,ONA
N/A,2,Zan Sayonara Zetsubou Sensei Bangaichi,OVA
N/A,2,Shiki Specials,Special
N/A,24,Undead Unluck,TV
Jellyfish Can't Swim in the Night,12,Yoru no Kurage wa Oyogenai,TV
Welcome to Demon School! Iruma-kun,23,Mairimashita! Iruma-kun,TV
N/A,1,Love Live! Nijigasaki Gakuen School Idol Doukoukai: Kanketsu-hen,Movie
Little Witch Academia: The Enchanted Parade,1,Little Witch Academia: Mahoujikake no Parade,Movie
N/A,1,InuYasha: Kuroi Tessaiga,Special
Mobile Suit Gundam,43,Kidou Senshi Gundam,TV
Mobile Suit Gundam SEED,50,Kidou Senshi Gundam SEED,TV
JoJo's Bizarre Adventure: Phantom Blood,1,JoJo no Kimyou na Bouken: Phantom Blood,Movie
N/A,1,Kuroko no Basket: Last Game NG-shuu,Special
N/A,25,Gundam Build Fighters,TV
N/A,24,Golden Time,TV
N/A,25,Ghost Hunt,TV
N/A,1,Free! Take Your Marks,Movie
Free! the Final Stroke: The First Volume,1,Free! Movie 4: The Final Stroke - Zenpen,Movie
N/A,17,Fanren Xiu Xian Chuan,ONA
N/A,12,Genshiken 2,TV
Colorful: The Motion Picture,1,Colorful (Movie),Movie
Hi Score Girl,12,High Score Girl,TV
N/A,10,Devilman: Crybaby,ONA
The Demon Hunter 2nd Season,27,Cang Yuan Tu 2nd Season,ONA
Sailor Moon,46,Bishoujo Senshi Sailor Moon,TV
Ghost Stories,19,Gakkou no Kaidan,TV
School Babysitters Episode 13,1,Gakuen Babysitters Special,Special
N/A,26,BanG Dream! Garupa☆Pico,ONA
N/A,127,Inazuma Eleven,TV
Tonikawa: Over The Moon For You - Uniform,1,Tonikaku Kawaii: Seifuku,Special
N/A,26,Slayers,TV
N/A,22,Shiki,TV
N/A,12,Tomodachi Game,TV
N/A,52,Mujin Wakusei Survive,TV
N/A,13,Lazarus,TV
Beyond the Boundary: I'll Be Here - Past,1,Kyoukai no Kanata Movie 1: I'll Be Here - Kako-hen,Movie
N/A,3,Memories,Movie
Beyond the Boundary,12,Kyoukai no Kanata,TV
Kageki Shojo!!,13,Kageki Shoujo!!,TV
N/A,6,Ranma ½ OVA,OVA
Tenchi Muyo! War on Geminar,13,Isekai no Seikishi Monogatari,OVA
N/A,39,Kyou kara Maou! 3rd Series,TV
Pokémon: Origins,4,Pokemon: The Origin,TV Special
Ghost in the Shell: Stand Alone Complex - Solid State Society 3D,1,Koukaku Kidoutai: Stand Alone Complex - Solid State Society 3D,Movie
Martial Universe 2nd Season,12,Wu Dong Qian Kun 2nd Season,ONA
N/A,13,Panty & Stocking with Garterbelt,TV
"The 100 Girlfriends Who Really, Really, Really, Really, Really Love You",12,Kimi no Koto ga Daidaidaidaidaisuki na 100-nin no Kanojo,TV
My Daddy Long Legs,40,Watashi no Ashinaga Ojisan,TV
Broken Blade 2,1,Break Blade Movie 2: Ketsubetsu no Michi,Movie
N/A,12,The iDOLM@STER Cinderella Girls: U149,TV
"Love, Chunibyo & Other Delusions!",12,Chuunibyou demo Koi ga Shitai!,TV
Birdy the Mighty: Decode 02,12,Tetsuwan Birdy Decode:02,TV
Who's Left Behind?,1,Ushiro no Shoumen Daare,Movie
N/A,195,Urusei Yatsura,TV
School Rumble: Extra Class,2,School Rumble: Ichi Gakki Hoshuu,OVA
The Law of Ueki,51,Ueki no Housoku,TV
Angel's Egg,1,Tenshi no Tamago,OVA
The Wallflower,25,Yamato Nadeshiko Shichihenge♥,TV
Tsukimichi -Moonlit Fantasy-,12,Tsuki ga Michibiku Isekai Douchuu,TV
Life Lessons with Uramichi-Oniisan,13,Uramichi Oniisan,TV
Tegami Bachi: Letter Bee Reverse,25,Tegamibachi Reverse,TV
Knights of Sidonia: Battle for Planet Nine,12,Sidonia no Kishi: Daikyuu Wakusei Seneki,TV
Hakuoki ~Demon of the Fleeting Blossom~ Warrior Spirit of the Blue Sky,1,Hakuouki Movie 2: Shikon Soukyuu,Movie
GATE,12,"Gate: Jieitai Kanochi nite, Kaku Tatakaeri",TV
N/A,2,Rozen Maiden: Ouvertüre,TV Special
God Troubles Me 3rd Season,12,Hanhua Riji 3rd Season,ONA
N/A,13,D.Gray-man Hallow,TV
N/A,13,Aria the Animation,TV
N/A,17,IDOLiSH7,TV
N/A,26,Fruits Basket,TV
N/A,12,Date A Live V,TV
N/A,12,Ani ni Tsukeru Kusuri wa Nai! 3,TV
Hanasakeru Seishonen,39,Hanasakeru Seishounen,TV
N/A,1,BanG Dream! Film Live,Movie
The Dangers in My Heart: Twi-Yaba,1,Boku no Kokoro no Yabai Yatsu: Twi-Yaba,ONA
Sailor Moon S Movie: Hearts in Ice,1,Bishoujo Senshi Sailor Moon S: Kaguya-hime no Koibito,Movie
N/A,2,BanG Dream! 5th Anniversary Animation: CiRCLE Thanks Party!,ONA
Sing a Bit of Harmony,1,Ai no Utagoe wo Kikasete,Movie
N/A,1,Macross F: Close Encounter - Deculture Edition,Special
Kase-san and Morning Glories,1,Asagao to Kase-san.,OVA
Detective Conan Movie 17: Private Eye in the Distant Sea,1,Meitantei Conan Movie 17: Zekkai no Private Eye,Movie
N/A,1,"Yuru Yuri,",OVA
Paranoia Agent,13,Mousou Dairinin,TV
Love Live! Nijigasaki High School Idol Club Season 2,13,Love Live! Nijigasaki Gakuen School Idol Doukoukai 2nd Season,TV
Mobile Suit Gundam GQuuuuuuX -Beginning-,1,Kidou Senshi Gundam: GQuuuuuuX - Beginning,Movie
N/A,9,Kuroko no Basket 3rd Season NG-shuu,Special
N/A,1,Kino no Tabi: The Beautiful World - Byouki no Kuni - For You,Movie
The World God Only Knows: Tenri Arc,2,Kami nomi zo Shiru Sekai: Tenri-hen,OVA
N/A,12,Princess Principal,TV
Rilakkuma and Kaoru,13,Rilakkuma to Kaoru-san,ONA
N/A,22,Kindaichi Shounen no Jikenbo Returns 2nd Season,TV
N/A,12,Kengan Ashura Part 2,ONA
Jujutsu Kaisen Season 2 Recaps,2,Jujutsu Kaisen 2nd Season Recaps,TV Special
Love Live! Superstar!! Season 2,12,Love Live! Superstar!! 2nd Season,TV
Junjo Romantica 2,12,Junjou Romantica 2,TV
The Irregular at Magic High School: Reminiscence Arc,1,Mahouka Koukou no Rettousei: Tsuioku-hen,TV Special
She and Her Cat: Everything Flows,4,Kanojo to Kanojo no Neko: Everything Flows,TV
InuYasha the Movie 2: The Castle Beyond the Looking Glass,1,InuYasha Movie 2: Kagami no Naka no Mugenjou,Movie
Strawberry Marshmallow Encore,2,Ichigo Mashimaro Encore,OVA
Kuroko's Basketball Specials,9,Kuroko no Basket NG-shuu,Special
The Legend of Luoxiaohei: The Gate of All Living Beings,12,Luo Xiao Hei Zhan Ji: Zhongsheng Zhi Men,ONA
You and Me.,13,Kimi to Boku.,TV
Black Butler,24,Kuroshitsuji,TV
N/A,12,Kengan Ashura Season 2,ONA
Yuki Yuna is a Hero: The Hero Chapter,6,Yuuki Yuuna wa Yuusha de Aru: Yuusha no Shou,TV
Ne Zha,1,Nezha Zhi Mo Tong Jiang Shi,Movie
My Senior Brother Is Too Steady,13,Shixiong A Shixiong,ONA
Campfire Cooking in Another World with My Absurd Skill,12,Tondemo Skill de Isekai Hourou Meshi,TV
The Vision of Escaflowne,26,Tenkuu no Escaflowne,TV
Mazinger Edition Z: The Impact!,26,Shin Mazinger Shougeki! Z-hen,TV
Revue Starlight,12,Shoujo☆Kageki Revue Starlight,TV
N/A,12,Tsuritama,TV
N/A,1,Shirobako Movie,Movie
A Certain Scientific Railgun,24,Toaru Kagaku no Railgun,TV
My Bride is a Mermaid,26,Seto no Hanayome,TV
Banner of the Stars,13,Seikai no Senki,TV
Giovanni's Island,1,Giovanni no Shima,Movie
N/A,1,Given Movie 3: Umi e,Movie
Baki Hanma,12,Hanma Baki: Son of Ogre,ONA
Free! The Movie -Timeless Medley- the Promise,1,Free! Movie 2: Timeless Medley - Yakusoku,Movie
Cardcaptor Sakura The Movie,1,Cardcaptor Sakura Movie 1,Movie
N/A,1,Drifters: Special Edition,OVA
The Kawai Complex Guide to Manors and Hostel Behavior OVA: First Time,1,Bokura wa Minna Kawai-sou: Hajimete no,Special
N/A,78,Daa! Daa! Daa!,TV
Sailor Moon SuperS,39,Bishoujo Senshi Sailor Moon SuperS,TV
Blue Spring Ride,12,Ao Haru Ride,TV
N/A,3,Ranma ½ Super,OVA
Poyopoyo,52,Poyopoyo Kansatsu Nikki,TV
The Quintessential Quintuplets,12,5-toubun no Hanayome,TV
Cherry Magic! Thirty Years of Virginity Can Make You a Wizard?!,12,30-sai made Doutei dato Mahoutsukai ni Nareru Rashii,TV
Overlord: The Undead King,1,Overlord Movie 1: Fushisha no Ou,Movie
N/A,13,Orange,TV
Before Green Gables,39,Konnichiwa Anne: Before Green Gables,TV
Alderamin on the Sky,13,Nejimaki Seirei Senki: Tenkyou no Alderamin,TV
Gushing over Magical Girls,13,Mahou Shoujo ni Akogarete,TV
The Demon Girl Next Door,12,Machikado Mazoku,TV
Fabulous Beasts 3rd Season,12,You Shou Yan 3rd Season,ONA
Star Blazers: Space Battleship Yamato 2202,26,Uchuu Senkan Yamato 2202: Ai no Senshi-tachi,OVA
N/A,25,Yowamushi Pedal: New Generation,TV
N/A,24,Master Keaton,TV
Maria Watches Over Us: Printemps,13,Maria-sama ga Miteru: Haru,TV
Kino's Journey -the Beautiful World- the Animated Series,12,Kino no Tabi: The Beautiful World - The Animated Series,TV
Magical Girl Lyrical Nanoha StrikerS,26,Mahou Shoujo Lyrical Nanoha StrikerS,TV
N/A,78,Kyou kara Maou!,TV
Ride Your Wave,1,"Kimi to, Nami ni Noretara",Movie
Thus Spoke Kishibe Rohan,4,Kishibe Rohan wa Ugokanai,OVA
N/A,1,Love Live! Sunshine!! The School Idol Movie: Over the Rainbow,Movie
Rurouni Kenshin,24,Rurouni Kenshin: Meiji Kenkaku Romantan (2023),TV
Ninja Scroll,1,Juubee Ninpuuchou,Movie
"K: SEVEN STORIES ""Memory of RED - BURN -""",1,K: Seven Stories Movie 5 - Memory of Red - Burn,Movie
Mr. Osomatsu 2,25,Osomatsu-san 2nd Season,TV
Detective Conan: Conan vs. Kid - Shark & Jewel,1,Meitantei Conan: Conan vs. Kid - Shark & Jewel,Movie
"The Most Notorious ""Talker"" Runs the World's Greatest Clan",12,"Saikyou no Shienshoku ""Wajutsushi"" de Aru Ore wa Sekai Saikyou Clan wo Shitagaeru",TV
The Seven Deadly Sins,24,Nanatsu no Taizai,TV
Hell Girl,26,Jigoku Shoujo,TV
Hell Girl: Three Vessels,26,Jigoku Shoujo Mitsuganae,TV
His and Her Circumstances,26,Kareshi Kanojo no Jijou,TV
Ron Kamonohashi's Forbidden Deductions Season 2,13,Kamonohashi Ron no Kindan Suiri 2nd Season,TV
Zenshu,12,Zenshuu.,TV
N/A,13,Uma Musume: Pretty Derby Season 3,TV
N/A,25,The iDOLM@STER,TV
Tales of Demons and Gods Season 8,52,Yao Shen Ji 8th Season,ONA
N/A,7,Jungle wa Itsumo Hare nochi Guu Final,OVA
Tenchi Muyo! Ryo-Ohki,6,Tenchi Muyou! Ryououki,OVA
Tegami Bachi: Letter Bee,25,Tegamibachi,TV
My Happy Marriage Season 2,13,Watashi no Shiawase na Kekkon 2nd Season,TV
Love Magic Grocery,16,Wanneng Lian Ai Zahuo Dian,ONA
Encouragement of Climb Season 3,13,Yama no Susume Third Season,TV
N/A,26,Utawarerumono,TV
Persona 3 the Movie: #3 Falling Down,1,Persona 3 the Movie 3: Falling Down,Movie
Learning with Manga! Fate/Grand Order,1,Manga de Wakaru! Fate/Grand Order,TV Special
THE IDOLM@STER MOVIE: BEYOND THE BRILLIANT FUTURE!,1,The iDOLM@STER Movie: Kagayaki no Mukougawa e!,Movie
Kuroko’s Basketball: Would You Mind Doing That Once More,1,Kuroko no Basket: Mou Ikkai Yarimasen ka,Special
Magical Circle Guru Guru,45,Mahoujin Guruguru,TV
Junjo Romantica 3,12,Junjou Romantica 3,TV
Shrouding the Heavens,156,Zhe Tian,ONA
N/A,52,Kekkaishi,TV
Mobile Suit Gundam SEED Freedom,1,Kidou Senshi Gundam SEED Freedom,Movie
Blood Blockade Battlefront,12,Kekkai Sensen,TV
Immortality 2nd Season,12,Yong Sheng: Shi Nian Zhi Yue,ONA
N/A,13,White Album 2,TV
Gunbuster 2,6,Top wo Nerae 2! Diebuster,OVA
Legend of Exorcism,13,Tianbao Fuyao Lu,ONA
My Teen Romantic Comedy SNAFU OVA,1,Yahari Ore no Seishun Love Comedy wa Machigatteiru. OVA,OVA
The Princess and the Pilot,1,Toaru Hikuushi e no Tsuioku,Movie
Alya Sometimes Hides Her Feelings in Russian,12,Tokidoki Bosotto Russia-go de Dereru Tonari no Alya-san,TV
Space Brothers #0,1,Uchuu Kyoudai: Number Zero,Movie
Shoshimin: How to Become Ordinary Season 2,47,Shoushimin Series 2nd Season,TV
The Slime Diaries,12,Tensura Nikki: Tensei shitara Slime Datta Ken,TV
Looking for Magical Doremi,1,Majo Minarai wo Sagashite,Movie
N/A,1,Shoujo☆Kageki Revue Starlight: Rondo Rondo Rondo,Movie
The Duke of Death and His Maid,12,Shinigami Bocchan to Kuro Maid,TV
The Land of Miracles 2nd Season,15,Shen Lan Qi Yu Wushuang Zhu: Tianmo Pian,ONA
Kabaneri of the Iron Fortress: Light That Gathers,1,Koutetsujou no Kabaneri Movie 1: Tsudou Hikari,Movie
Neuro: Supernatural Detective,25,Majin Tantei Nougami Neuro,TV
The Magical Girl and the Evil Lieutenant Used to Be Archenemies,12,Katsute Mahou Shoujo to Aku wa Tekitai shiteita.,TV
A Letter to Momo,1,Momo e no Tegami,Movie
Macross Delta: Zettai Live!!!!!!,1,Macross Δ Movie 2: Zettai Live!!!,Movie
N/A,1,Kairyuu to Yuubinyasan,ONA
Laid-Back Camp Specials,3,Yuru Camp△ Specials,Special
Kabaneri of the Iron Fortress: Life The Burns,1,Koutetsujou no Kabaneri Movie 2: Moeru Inochi,Movie
N/A,1,Uma Musume: Pretty Derby - Road to the Top (Movie),Movie
Tsubasa RESERVoir CHRoNiCLE Season Two,26,Tsubasa Chronicle 2nd Season,TV
N/A,13,Yume-iro Pâtissière SP Professional,TV
Jade Dynasty,26,Zhu Xian,ONA
N/A,12,Shounan Bakusouzoku,OVA
Strike Witches: The Movie,1,Strike Witches Movie,Movie
N/A,24,Sword Art Online: Alicization,TV
Dragon Prince Yuan,26,Yuan Zun,ONA
Tada Never Falls in Love,13,Tada-kun wa Koi wo Shinai,TV
Brave Bang Bravern!,12,Yuuki Bakuhatsu Bang Bravern,TV
Encouragement of Climb Season 2,24,Yama no Susume Second Season,TV
YuruYuri: Happy Go Lily,12,Yuru Yuri,TV
N/A,4,"Yondemasu yo, Azazel-san.",OVA
Towanoquon: Eternal Quon,1,Towa no Quon 6: Towa no Quon,Movie
N/A,12,Wonder Egg Priority,TV
N/A,74,UFO Robo Grendizer,TV
Ushio & Tora (2015),26,Ushio to Tora (TV),TV
N/A,12,Tamayura: More Aggressive,TV
Sword Art Online the Movie: Ordinal Scale,1,Sword Art Online Movie: Ordinal Scale,Movie
Tower of God,13,Kami no Tou,TV
N/A,50,Wonderful Precure!,TV
"The Girl From the Other Side: Siúil, a Rún",1,Totsukuni no Shoujo,OVA
The Girl From the Other Side,1,Totsukuni no Shoujo (2022),OVA
Zatch Bell!,150,Konjiki no Gash Bell!!,TV
N/A,2,Shouwa Genroku Rakugo Shinjuu: Yotarou Hourou-hen,OVA
InuYasha the Movie 4: Fire on the Mystic Island,1,InuYasha Movie 4: Guren no Houraijima,Movie
N/A,1,Durarara!!x2 Ketsu: Dufufufu!!,Special
Cells at Work!,13,Hataraku Saibou,TV
N/A,12,Gugure! Kokkuri-san,TV
Eden of The East the Movie II: Paradise Lost,1,Higashi no Eden Movie II: Paradise Lost,Movie
Hakuoki: Demon of the Fleeting Blossom - Record of the Jade Blood,10,Hakuouki: Hekketsuroku,TV
N/A,12,Birdie Wing: Golf Girls' Story Season 2,TV
Deaimon: Recipe for Happiness,12,Deaimon,TV
Baka & Test - Summon the Beasts OVA,2,Baka to Test to Shoukanjuu: Matsuri,OVA
Fairies Albums 4,12,Bai Yao Pu 4th Season,ONA
"Love, Chunibyo & Other Delusions!: Heart Throb",12,Chuunibyou demo Koi ga Shitai! Ren,TV
Sengoku Basara - Samurai Kings: The Movie,1,Sengoku Basara Movie: The Last Party,Movie
N/A,1,Aikatsu! Movie,Movie
N/A,2,Angel Beats! Specials,Special
Samurai X: The Motion Picture,1,Rurouni Kenshin: Meiji Kenkaku Romantan - Ishinshishi e no Chinkonka,Movie
Smile Down the Runway,12,Runway de Waratte,TV
Ah! My Goddess: Flights of Fancy,22,Aa! Megami-sama! Sorezore no Tsubasa,TV
Sweetness & Lightning,12,Amaama to Inazuma,TV
N/A,3,Hoozuki no Reitetsu 2nd Season OVA,OVA
N/A,52,Hungry Heart: Wild Striker,TV
Saiyuki,50,Gensoumaden Saiyuuki,TV
Galaxy Express 999,1,Ginga Tetsudou 999 (Movie),Movie
The Way of the Househusband Part 2,5,Gokushufudou Part 2,ONA
Dragon Ball Z Kai: Bring Peace to the Future! Goku's Spirit is Eternal,1,Dragon Ball Kai: Mirai ni Heiwa wo! Goku no Tamashii yo Eien ni,TV Special
N/A,1,Garo Movie: Divine Flame,Movie
Sailor Moon SuperS the Movie: Black Dream Hole,1,Bishoujo Senshi Sailor Moon SuperS: Sailor 9 Senshi Shuuketsu! Black Dream Hole no Kiseki,Movie
Baki: The Great Raitai Tournament Saga,13,Baki: Dai Raitaisai-hen,ONA
The Daughter of 20 Faces,22,Nijuu Mensou no Musume,TV
Colorful Stage! The Movie: A Miku Who Can't Sing,1,Project Sekai Movie: Kowareta Sekai to Utaenai Miku,Movie
N/A,1,Nodame Cantabile Finale OVA,OVA
Ah! My Goddess: The Movie,1,Aa! Megami-sama! Movie,Movie
"Spare Me, Great Lord!",12,Da Wang Rao Ming,ONA
N/A,10,Nobunaga Concerto,TV
Persona 3 the Movie: #1 Spring of Birth,1,Persona 3 the Movie 1: Spring of Birth,Movie
One Week Friends,12,Isshuukan Friends.,TV
N/A,12,NieR:Automata Ver1.1a,TV
Time of Shura,26,Mutsu Enmei Ryuu Gaiden: Shura no Toki,TV
Afro Samurai the Movie,1,Afro Samurai Movie,Movie
N/A,1,Mitsudomoe: Oppai Ippai Mama Genki,Special
Recovery of an MMO Junkie,10,Net-juu no Susume,TV
Kuroko's Basketball OVA,1,Kuroko no Basket: Baka ja Katenai no yo!,OVA
Mobile Suit Gundam 00 Special Edition,3,Kidou Senshi Gundam 00 Special Edition,OVA
Reborn! Here Comes a Vongola Family-Style School Trip!,1,"Katekyou Hitman Reborn! Vongola Family Soutoujou! Vongola Shiki Shuugakuryokou, Kuru!!",ONA
Teasing Master Takagi-san: Water Slide,1,Karakai Jouzu no Takagi-san: Water Slide,OVA
Secret of Cerulean Sand,26,Patapata Hikousen no Bouken,TV
N/A,1,Penguin Highway,Movie
One Punch Man Season 2,12,One Punch Man 2nd Season,TV
The Garden of Sinners Remix: Gate of Seventh Heaven,1,Kara no Kyoukai Remix: Gate of Seventh Heaven,Movie
N/A,1,Metropolis,Movie
"Mushoku Tensei: Jobless Reincarnation Season 2 - Episode 0 ""Guardian Fitz""",1,Mushoku Tensei II: Isekai Ittara Honki Dasu - Shugo Jutsushi Fitz,TV Special
Those Snow White Notes,12,Mashiro no Oto,TV
Tales of Demons and Gods Season 5,52,Yao Shen Ji 5th Season,ONA
N/A,1,Precure All Stars Movie DX3: Mirai ni Todoke! Sekai wo Tsunagu☆Nijiiro no Hana,Movie
N/A,26,Over Drive,TV
One Piece: Dead End Adventure,1,One Piece Movie 04: Dead End no Bouken,Movie
N/A,25,Persona 4 the Animation,TV
N/A,1,Yuuki Yuuna wa Yuusha de Aru: Washio Sumi no Shou 1 - Tomodachi,Movie
Detective Conan Magic File 2: Kudou Shinichi - The Case of the Mysterious Wall and the Black Lab,1,Meitantei Conan Magic File 2: Kudou Shinichi Nazo no Kabe to Kuro Lab Jiken,OVA
N/A,13,Mitsudomoe,TV
Why Raeliana Ended up at the Duke's Mansion,12,Kanojo ga Koushaku-tei ni Itta Riyuu,TV
N/A,12,Kemono Friends,TV
Black Butler Special,1,"Kuroshitsuji: Sono Shitsuji, Kougyou",Special
Kimagure Orange Road,48,Kimagure Orange☆Road,TV
My Clueless First Friend,13,Jijou wo Shiranai Tenkousei ga Guigui Kuru.,TV
"BOFURI: I Don't Want to Get Hurt, so I'll Max Out My Defense.",12,Itai no wa Iya nanode Bougyoryoku ni Kyokufuri Shitai to Omoimasu.,TV
Fabulous Beasts,12,You Shou Yan,ONA
Immortality,12,Yong Sheng,ONA
N/A,1,Yu☆Gi☆Oh! The Dark Side of Dimensions,Movie
N/A,3,To LOVE-Ru Darkness 2nd OVA,OVA
7th Time Loop: The Villainess Enjoys a Carefree Life Married to Her Worst Enemy!,12,"Loop 7-kaime no Akuyaku Reijou wa, Moto Tekikoku de Jiyuu Kimama na Hanayome Seikatsu wo Mankitsu suru",TV
My Sister Momoko,1,"Momoko, Kaeru no Uta ga Kikoeru yo.",Movie
N/A,1,Kiniro Mosaic: Pretty Days,Movie
N/A,12,Tiger & Bunny 2 Part 2,ONA
Detective Conan OVA 04: Conan and Kid and Crystal Mother,1,Meitantei Conan OVA 04: Conan to Kid to Crystal Mother,OVA
Ron Kamonohashi's Forbidden Deductions,13,Kamonohashi Ron no Kindan Suiri,TV
KonoSuba: An Explosion on This Wonderful World!,12,Kono Subarashii Sekai ni Bakuen wo!,TV
N/A,12,Zombieland Saga,TV
"You're Being Summoned, Azazel",13,"Yondemasu yo, Azazel-san. (TV)",TV
"Lord El-Melloi II's Case Files: Rail Zeppelin Grace Note - Waver, Reunion, and the Magic Lantern",1,Lord El-Melloi II-sei no Jikenbo: Rail Zeppelin Grace Note Special,TV Special
Tsurune the Movie: The First Shot,1,Tsurune Movie: Hajimari no Issha,Movie
JoJo's Bizarre Adventure,6,JoJo no Kimyou na Bouken,OVA
N/A,12,Xingchen Bian: Xingchen Yao Hai,ONA
Yu-Gi-Oh!,224,Yu☆Gi☆Oh! Duel Monsters,TV
N/A,26,Tanoshii Muumin Ikka Bouken Nikki,TV
Towanoquon: The Roaring Anxiety,1,Towa no Quon 4: Guren no Shoushin,Movie
N/A,26,Little Busters!,TV
N/A,12,Konohana Kitan,TV
Special A (S.A),24,Special A,TV
N/A,51,Sugar Sugar Rune,TV
Sword Art Online: Alicization - War of Underworld Part 2,11,Sword Art Online: Alicization - War of Underworld 2nd Season,TV
N/A,26,Oban Star-Racers,TV
Love Live! Nijigasaki High School Idol Club,13,Love Live! Nijigasaki Gakuen School Idol Doukoukai,TV
That Time I Got Reincarnated as a Slime OAD,5,Tensei shitara Slime Datta Ken OVA,OVA
Neon Genesis Evangelion: Death & Rebirth,1,Shinseiki Evangelion Movie: Shi to Shinsei,Movie
Laid-Back Camp Season 2 Specials,2,Yuru Camp△ Season 2 Specials,Special
N/A,12,Shine Post,TV
N/A,124,Yawara!,TV
The Prince of Tennis II Specials,7,Shin Tennis no Oujisama Specials,Special
N/A,22,Xue Ying Ling Zhu 2nd Season,ONA
N/A,26,Zipang,TV
The Daily Life of the Immortal King 4,12,Xian Wang de Richang Shenghuo 4,ONA
Dusk Maiden of Amnesia: Ghost Girl,1,Tasogare Otome x Amnesia: Taima Otome,Special
N/A,1,Voy@ger,ONA
The Flowers of Hard Blood,22,Shion no Ou,TV
The Land of Miracles 3rd Season,15,Shen Lan Qi Yu Wushuang Zhu: Tianmo Pian,ONA
Okko's Inn,1,Wakaokami wa Shougakusei! Movie,Movie
N/A,26,Wangan Midnight,TV
Record of Ragnarok II,10,Shuumatsu no Walküre II,ONA
"As a Reincarnated Aristocrat, I'll Use My Appraisal Skill to Rise in the World Season 2",12,"Tensei Kizoku, Kantei Skill de Nariagaru 2nd Season",TV
Sengoku Basara: Samurai Kings 2,12,Sengoku Basara Ni,TV
Cardcaptor Sakura Specials,3,"Suteki desu wa, Sakura-chan! Tomoyo no Cardcaptor Sakura Katsuyaku Video Nikki!",Special
N/A,12,Sugar Apple Fairy Tale,TV
Twilight Out of Focus,12,Tasogare Out Focus,TV
Her Blue Sky,1,Sora no Aosa wo Shiru Hito yo,Movie
N/A,1,Sayonara Zetsubou Sensei Special,Special
N/A,1,Sekaiichi Hatsukoi: Propose-hen,Movie
Cautious Hero: The Hero Is Overpowered but Overly Cautious,12,Shinchou Yuusha: Kono Yuusha ga Ore Tueee Kuse ni Shinchou Sugiru,TV
The Squid Girl 2,12,Shinryaku!? Ika Musume,TV
The Squid Girl OVA,3,Shinryaku!! Ika Musume,OVA
Saint☆Young Men,2,Saint☆Oniisan,OVA
Fist of the North Star: Legend of Kenshiro,1,Hokuto no Ken Zero: Kenshirou Den,Movie
N/A,12,Hitoribocchi no Marumaru Seikatsu,TV
N/A,1,"Goodbye, Don Glees!",Movie
N/A,5,Future GPX Cyber Formula Sin,OVA
N/A,11,Sarazanmai,TV
GUNDAM BUILD DIVERS Re:RISE,13,Gundam Build Divers Re:Rise 2nd Season,ONA
Soulmate Adventure,12,Feng Ling Yu Xiu,ONA
The Concierge,1,Hokkyoku Hyakkaten no Concierge-san,Movie
Yu-Gi-Oh! 5D's,154,Yu☆Gi☆Oh! 5D's,TV
Inazuma Eleven GO: The Ultimate Bond Griffon,1,Inazuma Eleven Go: Kyuukyoku no Kizuna Gryphon,Movie
Captain Harlock: Arcadia of my Youth,1,Waga Seishun no Arcadia,Movie
Saga of Tanya the Evil: Operation Desert Pasta,1,Youjo Senki: Sabaku no Pasta Daisakusen,ONA
My Little Monster,13,Tonari no Kaibutsu-kun,TV
The Magical Revolution of the Reincarnated Princess and the Genius Young Lady,12,Tensei Oujo to Tensai Reijou no Mahou Kakumei,TV
Symphogear G,13,Senki Zesshou Symphogear G,TV
You're Under Arrest,4,Taiho Shichau zo,OVA
"Don't Toy with Me, Miss Nagatoro 2nd Attack",12,"Ijiranaide, Nagatoro-san 2nd Attack",TV
N/A,12,High School DxD New,TV
Pendulum,1,Furiko,Special
N/A,5,Fairy Tail OVA,OVA
N/A,12,Hidamari Sketch,TV
N/A,52,Haha wo Tazunete Sanzenri,TV
The Fruit of Grisaia,13,Grisaia no Kajitsu,TV
N/A,13,Elfen Lied,TV
Ascendance of a Bookworm: Side Story,1,Honzuki no Gekokujou: Shisho ni Naru Tame ni wa Shudan wo Erandeiraremasen OVA,OVA
White Snake 2: The Tribulation of the Green Snake,1,Bai She II: Qing She Jie Qi,Movie
Crayon Shin-chan: Shrouded in Mystery! The Flowers of Tenkazu Academy,1,Crayon Shin-chan Movie 29: Mystery Meki! Hana no Tenkasu Gakuen,Movie
Laughing Under the Clouds,12,Donten ni Warau,TV
Bleach: Thousand-Year Blood War - The Separation Recap,1,Bleach: Sennen Kessen-hen - Ketsubetsu-tan Recap,TV Special
Captain Tsubasa,52,Captain Tsubasa: Road to 2002,TV
N/A,131,Dragon Ball Super,TV
N/A,12,Another,TV
Aggretsuko (ONA) 5th Season,10,Aggressive Retsuko (ONA) 5th Season,ONA
Is It Wrong to Try to Pick Up Girls in a Dungeon?: Arrow of the Orion,1,Dungeon ni Deai wo Motomeru no wa Machigatteiru Darou ka Movie: Orion no Ya,Movie
The Quintessential Quintuplets*,2,5-toubun no Hanayome*,TV Special
N/A,61,Hime-chan no Ribbon,TV
Fist of the North Star: Raoh Side Story Junai Arc,1,Hokuto no Ken: Raoh Gaiden Junai-hen,Movie
Baki the Grappler,24,Grappler Baki (TV),TV
Doraemon the Movie: Nobita and the Birth of Japan 2016,1,Doraemon Movie 36: Shin Nobita no Nippon Tanjou,Movie
N/A,12,Dead Mount Death Play Part 2,TV
Crayon Shin-chan: Serious Battle! Robot Dad Strikes Back,1,Crayon Shin-chan Movie 22: Gachinko! Gyakushuu no Robo To-chan,Movie
N/A,1,Carnival Phantasm EX Season,OVA
"Love, Chunibyo & Other Delusions!: Heart Throb - The Rikka Wars",1,Chuunibyou demo Koi ga Shitai! Ren: The Rikka Wars,Special
Chio's School Road,12,Chio-chan no Tsuugakuro,TV
My Hero Academia: Heroes Rising - Epilogue Plus,1,Boku no Hero Academia the Movie 2: Heroes:Rising - Epilogue Plus - Yume wo Genjitsu ni,Special
Fullmetal Alchemist: Brotherhood 4-koma Theater,16,Fullmetal Alchemist: Brotherhood - 4-koma Gekijou,Special
Can a Boy-Girl Friendship Survive?,282,"Danjo no Yuujou wa Seiritsu suru? (Iya, Shinai!!)",TV
The Faraway Paladin: The Lord of the Rust Mountains,12,Saihate no Paladin: Tetsusabi no Yama no Ou,TV
"One Piece: Episode of Chopper Plus - Bloom in the Winter, Miracle Sakura",1,"One Piece Movie 09: Episode of Chopper Plus - Fuyu ni Saku, Kiseki no Sakura",Movie
Lookism,8,Oemojisangjuui,ONA
2.5 Dimensional Seduction,24,2.5-jigen no Ririsa,TV
The Seven Deadly Sins: Four Knights of the Apocalypse Season 2,12,Nanatsu no Taizai: Mokushiroku no Yonkishi 2nd Season,TV
The Unwanted Undead Adventurer,12,Nozomanu Fushi no Boukensha,TV
N/A,12,Do It Yourself!!,TV
Blade of the Immortal,24,Mugen no Juunin: Immortal,ONA
Detective Conan Movie 11: Jolly Roger in the Deep Azure,1,Meitantei Conan Movie 11: Konpeki no Jolly Roger,Movie
One Hundred Thousand Years of Qi Refining,260,Lian Qi Shi Wan Nian,ONA
N/A,1,Kiniro no Corda: Primo Passo - Hitonatsu no Encore,Special
N/A,8,Psycho-Pass 3,TV
Cinderella Chef: Adorable Food Goddess,12,Meng Qi Shi Shen: Zaijie Liangyuan,ONA
Pokémon Evolutions,8,Pokemon Evolutions,ONA
Pokémon the Series: XY,93,Pokemon XY,TV
The Witch and the Beast,12,Majo to Yajuu,TV
Detective Conan Magic File 3: Shinichi and Ran - Memories of Mahjong Tiles and Tanabata,1,Meitantei Conan Magic File 3: Shinichi to Ran Mahjong Pai to Tanabata no Omoide,OVA
Forest of Piano Second Season,12,Piano no Mori (TV) 2nd Season,TV
N/A,76,Marmalade Boy,TV
"If My Favorite Pop Idol Made It to the Budokan, I Would Die",12,Oshi ga Budoukan Ittekuretara Shinu,TV
Naruto Shippuden the Movie 4: The Lost Tower,1,Naruto: Shippuuden Movie 4 - The Lost Tower,Movie
Ghost in the Shell: The New Movie,1,Koukaku Kidoutai: Shin Movie,Movie
The Place Promised in Our Early Days,1,"Kumo no Mukou, Yakusoku no Basho",Movie
Ghost in the Shell: Arise - Border 4: Ghost Stands Alone,1,Koukaku Kidoutai Arise: Ghost in the Shell - Border:4 Ghost Stands Alone,Movie
N/A,52,Jewelpet Twinkle☆,TV
Ghost in the Shell: Arise - Border 1: Ghost Pain,1,Koukaku Kidoutai Arise: Ghost in the Shell - Border:1 Ghost Pain,Movie
Dropkick On My Devil!! X,12,Jashin-chan Dropkick X,TV
"K: SEVEN STORIES ""Lost Small World - Outside the Cage - """,1,K: Seven Stories Movie 4 - Lost Small World - Ori no Mukou ni,Movie
N/A,13,K,TV
N/A,52,Yao Shen Ji 4th Season,ONA
The Familiar of Zero F,12,Zero no Tsukaima F,TV
Is This a Zombie? Of the Dead OVA,1,"Kore wa Zombie desu ka? of the Dead: Hai, Minotake ni Attemasu",OVA
N/A,1,Toradora! Recap,OVA
N/A,13,Tiger & Bunny 2,ONA
Cheeky Angel,50,Tenshi na Konamaiki,TV
The Prince of Tennis: A Gift from Atobe,1,Tennis no Oujisama: Atobe kara no Okurimono - Kimi ni Sasageru Tennis Prince Matsuri,Movie
To LOVE Ru Darkness 2,12,To LOVE-Ru Darkness 2nd,TV
Library Wars,12,Toshokan Sensou,TV
Zakuro,13,Otome Youkai Zakuro,TV
WWW.WAGNARIA!!,13,WWW.Working!!,TV
Birdy the Mighty: Decode,13,Tetsuwan Birdy Decode,TV
N/A,12,Tsugu Tsugumomo,TV
To LOVE Ru Darkness,12,To LOVE-Ru Darkness,TV
Tanaka-kun is Always Listless Specials,7,Tanaka-kun wa Itsumo Kedaruge Specials,Special
N/A,3,Soukyuu no Fafner: Dead Aggressor - The Beyond Part 3,Movie
Urusei Yatsura,23,Urusei Yatsura (2022),TV
N/A,1,"Tamayura: Hitotose - Attakai Kaze no Omoide, nanode",Special
N/A,26,Simoun,TV
N/A,3,Tales of Symphonia The Animation: Sekai Tougou-hen,OVA
Young GTO,5,Shonan Junai Gumi!,OVA
N/A,51,Shugo Chara!,TV
The Squid Girl,12,Shinryaku! Ika Musume,TV
Croisée in a Foreign Labyrinth The Animation,12,Ikoku Meiro no Croisée The Animation,TV
High School DxD Born OVA,1,High School DxD BorN: Yomigaeranai Fushichou,OVA
N/A,12,Idoly Pride,TV
Attack on Titan: Since That Day,1,Shingeki no Kyojin: Ano Hi Kara,TV Special
N/A,12,High School DxD BorN,TV
N/A,20,Hetalia: The Beautiful World,ONA
N/A,12,Mitsuboshi Colors,TV
Brave Police J-Decker,48,Yuusha Keisatsu J-Decker,TV
N/A,3,Gunsmith Cats,OVA
N/A,1,Inazuma Eleven: Saikyou Gundan Ogre Shuurai,Movie
Pokémon Horizons: The Series,355,Pokemon (2023),TV
Gokudo,26,Gokudou-kun Manyuuki,TV
N/A,1,Initial D Extra Stage 2,OVA
N/A,22,Guilty Crown,TV
Higurashi: When They Cry – Rei,5,Higurashi no Naku Koro ni Rei,OVA
How I Attended an All-Guy's Mixer,12,Goukon ni Ittara Onna ga Inakatta Hanashi,TV
N/A,26,Doraemon,TV
N/A,1,Doraemon Movie 42: Nobita to Sora no Utopia,Movie
N/A,37,Gallery Fake,TV
N/A,1,Gantz:O,Movie
A Dog of Flanders,52,Flanders no Inu,TV
Donten: Laughing Under the Clouds - Gaiden: Chapter 1 - One Year After the Battle,1,"Donten ni Warau Gaiden: Ketsubetsu, Yamainu no Chikai",Movie
Waiting in the Summer,12,Ano Natsu de Matteru,TV
N/A,12,Rozen Maiden,TV
Heidi: Girl of the Alps,52,Alps no Shoujo Heidi,TV
Petite Princess Yucie,26,Puchi Pri*Yucie,TV
World of Immortals,26,Chang Sheng Jie,ONA
N/A,1,Brave Story,Movie
N/A,75,Taiyou no Kiba Dougram,TV
N/A,11,Psycho-Pass 2,TV
You're Under Arrest The Movie,1,Taiho Shichau zo The Movie,Movie
My Family,330,Atashin'chi,TV
N/A,12,Aharen-san wa Hakarenai Season 2,TV
Handyman Saitou in Another World,12,"Benriya Saitou-san, Isekai ni Iku",TV
Tales of Little Women,48,Ai no Wakakusa Monogatari,TV
Mr. Osomatsu Episode 3.5: Virgin Heroes,1,Osomatsu-san Special,Special
N/A,1,Aikatsu Stars! Movie,Movie
N/A,3,Mahou Sensei Negima!: Shiroki Tsubasa Ala Alba,OVA
N/A,13,Level E,TV
N/A,12,Mieruko-chan,TV
N/A,1,Kono Sekai no Tanoshimikata: Secret Story Film,Movie
N/A,1,Minami-ke Omatase,OVA
N/A,13,Love Live! Sunshine!!,TV
The Future Diary,26,Mirai Nikki (TV),TV
Black Butler II Specials,6,Kuroshitsuji II Specials,Special
Keroro Movie 3,1,Keroro Gunsou Movie 3: Tenkuu Daikessen de Arimasu!,Movie
Love After World Domination,12,Koi wa Sekai Seifuku no Ato de,TV
N/A,1,Kingsglaive: Final Fantasy XV,Movie
JOKER 4th Season,13,Kaitou Joker 4th Season,TV
The Familiar of Zero: Knight of the Twin Moons,12,Zero no Tsukaima: Futatsuki no Kishi,TV
N/A,1,Noblesse: Awakening,ONA
N/A,25,Major 2nd,TV
False Memory,1,Jiyi Guanli Ju,ONA
Tico and Friends,39,Nanatsu no Umi no Tico,TV
Detective Conan OVA 06: Follow the Vanished Diamond! Conan & Heiji vs. Kid!,1,Meitantei Conan OVA 06: Kieta Daiya wo Oe! Conan & Heiji VS Kid!,OVA
Ling Cage,6,Ling Long: Incarnation,ONA
The Irregular at Magic High School,26,Mahouka Koukou no Rettousei,TV
N/A,1,Joshiraku OVA,OVA
N/A,12,Isekai Quartet,TV
Elf Academy,10,Renou Xueyuan,ONA
N/A,1,Mardock Scramble: The Third Exhaust,Movie
N/A,4,Xue Ying Ling Zhu Zhi Qi Yu Pian,ONA
N/A,12,Medaka Box Abnormal,TV
N/A,12,Ramen Akaneko,TV
Lord El-Melloi II's Case Files: Rail Zeppelin Grace Note,13,Lord El-Melloi II-sei no Jikenbo: Rail Zeppelin Grace Note,TV
The Café Terrace and Its Goddesses Season 2,12,Megami no Café Terrace 2nd Season,TV
Sherlock Hound,26,Meitantei Holmes,TV
N/A,6,Karas,OVA
N/A,1,Jiang Ziya,Movie
Maid Sama! Play with Your Husband ♥,1,Kaichou wa Maid-sama!: Goshujinsama to Asonjao♥,Special
N/A,12,Isekai Quartet 2,TV
Blood Blockade Battlefront OVA,1,Kekkai Sensen: Ousama no Restaurant no Ousama,OVA
Yuki Yuna is a Hero,12,Yuuki Yuuna wa Yuusha de Aru,TV
N/A,26,Xue Ying Ling Zhu,ONA
Carp Reborn,16,Yuan Long,ONA
Yowapeda Re:RIDE,1,Yowamushi Pedal: Re:Ride,Movie
N/A,39,Whistle!,TV
N/A,1,Soukyuu no Fafner: Dead Aggressor - Right of Left,TV Special
Fafner: Heaven and Earth,1,Soukyuu no Fafner: Dead Aggressor - Heaven and Earth,Movie
Mobile Suit Gundam Wing: Operation Meteor,4,Shin Kidou Senki Gundam Wing: Operation Meteor,OVA
Desert Punk,24,Sunabouzu,TV
Shakugan no Shana: The Movie,1,Shakugan no Shana Movie,Movie
N/A,1,Uta no☆Prince-sama♪ Movie: Maji Love Kingdom,Movie
N/A,1,Doraemon: 2112-nen Doraemon Tanjou,Movie
Hakuoki ~Demon of the Fleeting Blossom~,12,Hakuouki,TV
Hyouka: What Should Be Had,1,Hyouka: Motsubeki Mono wa,OVA
Hifuu Club Activity Record: The Sealed Esoteric History,58,Hifuu Katsudou Kiroku: The Sealed Esoteric History,OVA
Night on the Galactic Railroad,1,Ginga Tetsudou no Yoru,Movie
N/A,37,Future GPX Cyber Formula,TV
Barefoot Gen 2,1,Hadashi no Gen 2,Movie
N/A,12,Deca-Dence,TV
Danganronpa 3: The End of Hope's Peak High School - Despair Arc,11,Danganronpa 3: The End of Kibougamine Gakuen - Zetsubou-hen,TV
City Hunter: Death of the Vicious Criminal Ryo Saeba,1,City Hunter: Kinkyuu Namachuukei!? Kyouakuhan Saeba Ryou no Saigo,TV Special
N/A,13,AKB0048,TV
N/A,128,Captain Tsubasa,TV
Dakaichi -I'm being harassed by the sexiest man of the year-,13,Dakaretai Otoko 1-i ni Odosarete Imasu.,TV
Amanchu! Episode 13: The Story of the Promised Summer and New Memories,1,Amanchu!: Yakusoku no Natsu to Atarashii Omoide no Koto,OVA
My Hero Academia Season 5,25,Boku no Hero Academia 5th Season,TV
N/A,52,Idaten Jump,TV
N/A,1,Cocoon: Aru Natsu no Shoujo-tachi yori,TV Special
Inu X Boku Secret Service,12,Inu x Boku SS,TV
Full-Time Magister 3rd Season,12,Quanzhi Fashi III,ONA
